id,uuid,observed_on_string,observed_on,time_observed_at,time_zone,created_at,updated_at,quality_grade,license,url,image_url,sound_url,tag_list,description,num_identification_agreements,num_identification_disagreements,captive_cultivated,oauth_application_id,place_guess,latitude,longitude,positional_accuracy,private_place_guess,private_latitude,private_longitude,public_positional_accuracy,geoprivacy,taxon_geoprivacy,coordinates_obscured,positioning_method,positioning_device,species_guess,scientific_name,common_name,iconic_taxon_name,taxon_id
25456668,4c43758e-b637-4181-84ca-199894bbad6a,2019-05-20 8:29:14 PM GMT+02:00,2019-05-20,2019-05-20 18:29:14 UTC,Africa/Johannesburg,2019-05-20 18:39:54 UTC,2019-11-16 11:13:34 UTC,research,,https://www.inaturalist.org/observations/25456668,https://static.inaturalist.org/photos/39429922/medium.jpeg,,,,2,0,False,2.0,"La Forclaz, France",46.3263086352,6.6035177931,44.0,,,,44.0,,,False,gps,gps,Liocranum rupicola,Liocranum rupicola,Liocranum des rochers,Arachnida,468117
26400945,07c275fe-dcaa-4d4c-9aa0-b31f662bb240,2019-06-04,2019-06-04,,UTC,2019-06-04 19:27:46 UTC,2024-02-01 17:55:52 UTC,research,,https://www.inaturalist.org/observations/26400945,https://inaturalist-open-data.s3.amazonaws.com/photos/40994064/medium.jpeg,,,,2,0,False,333.0,Parné-sur-Roc,48.006177,-0.6756754,,,,,,,,False,,,Liocranum rupicola,Liocranum rupicola,Liocranum des rochers,Arachnida,468117
26971040,96bb7c7b-3da1-452c-8088-073a15bcbaec,2019/06/01 12:20 PM CEST,2019-06-01,2019-06-01 10:20:00 UTC,Paris,2019-06-14 16:26:12 UTC,2019-11-26 17:21:22 UTC,research,CC-BY-NC,https://www.inaturalist.org/observations/26971040,https://inaturalist-open-data.s3.amazonaws.com/photos/41915957/medium.jpeg,,,,2,0,False,,"Lozère, Languedoc-Roussillon, France",44.2675986728,3.4253587089,,,,,,,,False,,,Liocranum rupicola,Liocranum rupicola,Liocranum des rochers,Arachnida,468117
29622895,9c61f6b0-b5ea-4045-8dbb-7e425af41e1d,2019-07-27 8:29:11 AM CEST,2019-07-27,2019-07-27 06:29:11 UTC,Paris,2019-07-27 06:24:01 UTC,2019-11-18 16:45:10 UTC,research,CC-BY-NC,https://www.inaturalist.org/observations/29622895,https://inaturalist-open-data.s3.amazonaws.com/photos/46241067/medium.jpeg,,,,2,0,False,2.0,"29410 Plounéour-Ménez, Frankrig",48.4426681,-3.8370344,48.0,,,,48.0,,,False,,,Liocranum rupicola,Liocranum rupicola,Liocranum des rochers,Arachnida,468117
35142265,1b45c9f6-72f5-4d1e-89cf-e2046d065933,2019/08/13 7:36 PM CEST,2019-08-13,2019-08-13 17:36:00 UTC,Paris,2019-10-31 19:30:38 UTC,2019-11-25 12:45:05 UTC,research,CC-BY-NC,https://www.inaturalist.org/observations/35142265,https://inaturalist-open-data.s3.amazonaws.com/photos/55380550/medium.jpeg,,,,2,0,False,,"42520 Véranne, France",45.3790011608,4.6782989006,,,,,,,,False,,,Liocranum rupicola,Liocranum rupicola,Liocranum des rochers,Arachnida,468117
41433274,7c668625-8dcb-4e81-897b-58087429d881,2020-04-05 12:57:04 PM GMT+02:00,2020-04-05,2020-04-05 10:57:04 UTC,Africa/Johannesburg,2020-04-05 11:22:56 UTC,2020-04-11 18:58:36 UTC,research,,https://www.inaturalist.org/observations/41433274,https://static.inaturalist.org/photos/65730471/medium.jpeg,,,,2,0,False,2.0,"Dordogne, Aquitaine, FR",45.0965943871,1.2298876312,4.0,,,,4.0,,,False,,,Liocranum rupicola,Liocranum rupicola,Liocranum des rochers,Arachnida,468117
42244363,bcc3f39c-7ae3-44a5-9a8b-8d4d37f35268,Wed Apr 15 2020 18:39:50 GMT+0200 (GMT+2),2020-04-15,2020-04-15 16:39:50 UTC,Africa/Johannesburg,2020-04-15 16:47:52 UTC,2020-04-16 10:43:00 UTC,research,CC-BY-NC,https://www.inaturalist.org/observations/42244363,https://inaturalist-open-data.s3.amazonaws.com/photos/67065794/medium.jpg,,,"
Description
DescriptionTegenaria domestica, la Tégénaire domestique, est une espèce d'araignées aranéomorphes de la famille des Agelenidae.",4,0,False,3.0,"Naujan-et-Postiac, Aquitaine, FR",44.7911330789,-0.1780552111,4658.0,,,,4658.0,,,False,,,Liocranum rupicola,Liocranum rupicola,Liocranum des rochers,Arachnida,468117
70567159,5dcda338-06e8-4477-aaea-20debff0f757,2014/03/28 2:40 PM CET,2014-03-28,2014-03-28 13:40:00 UTC,Paris,2021-03-04 19:18:23 UTC,2021-03-12 19:26:25 UTC,research,CC-BY-NC,https://www.inaturalist.org/observations/70567159,https://inaturalist-open-data.s3.amazonaws.com/photos/114745616/medium.jpeg,,,,3,0,False,,"Chavanay, France",45.4112780561,4.7172439097,,,,,,,,False,,,Liocranum rupicola,Liocranum rupicola,Liocranum des rochers,Arachnida,468117
71383335,cf516326-198b-4fb9-bb21-d6b01064d080,2013/12/01 5:20 PM CET,2013-12-01,2013-12-01 16:20:00 UTC,Paris,2021-03-16 20:50:08 UTC,2021-03-18 04:50:18 UTC,research,CC-BY-NC,https://www.inaturalist.org/observations/71383335,https://inaturalist-open-data.s3.amazonaws.com/photos/116213258/medium.jpeg,,,,3,0,False,,"Loire, Rhône-Alpes, France",45.4211664186,4.7357940675,,,,,,,,False,,,Liocranum rupicola,Liocranum rupicola,Liocranum des rochers,Arachnida,468117
72253526,13434aee-bf81-4704-91e1-fe15502d1aaa,2021/03/26 4:25 PM UTC,2021-03-26,2021-03-26 16:25:00 UTC,UTC,2021-03-28 10:45:26 UTC,2021-03-28 16:27:03 UTC,research,CC-BY-NC,https://www.inaturalist.org/observations/72253526,https://inaturalist-open-data.s3.amazonaws.com/photos/117771261/medium.jpeg,,,,2,0,False,,"10150 Sainte-Maure, France",48.3476867824,4.0558889646,2.0,,,,2.0,,,False,,,Liocranum rupicola,Liocranum rupicola,Liocranum des rochers,Arachnida,468117
74768733,7bf3c492-eb75-4b27-b018-7a66fc618243,2021-04-21 22:31:49,2021-04-21,2021-04-21 20:31:49 UTC,Paris,2021-04-21 20:35:08 UTC,2025-04-04 16:08:25 UTC,needs_id,CC-BY-NC,https://www.inaturalist.org/observations/74768733,https://inaturalist-open-data.s3.amazonaws.com/photos/122242674/medium.jpeg,,,,2,0,False,2.0,Rieupeyroux,44.3063589169,2.236321941,7323.0,,,,7323.0,,,False,gps,gps,Liocranum,Liocranum rupicola,Liocranum des rochers,Arachnida,468117
80609083,76f3bc00-9302-4016-a1dc-2442cfeb2346,Fri May 28 2021 15:58:11 GMT +0200 (GMT+2),2021-05-28,2021-05-28 13:58:11 UTC,Pretoria,2021-05-28 13:59:25 UTC,2022-04-05 20:46:12 UTC,research,CC-BY-SA,https://www.inaturalist.org/observations/80609083,https://inaturalist-open-data.s3.amazonaws.com/photos/132128059/medium.jpeg,,,,2,0,False,333.0,Erp,42.9342918396,1.1859326363,95.0,,,,95.0,,,False,,,Liocranum rupicola,Liocranum rupicola,Liocranum des rochers,Arachnida,468117
90394425,c0ec35e1-f4e0-4a87-8d4b-388558994e13,2021/08/01 3:27 PM CEST,2021-08-01,2021-08-01 13:27:00 UTC,Paris,2021-08-08 14:38:34 UTC,2024-01-19 15:32:13 UTC,research,CC-BY,https://www.inaturalist.org/observations/90394425,https://inaturalist-open-data.s3.amazonaws.com/photos/149389029/medium.jpeg,,,"Under a big chunk of humid dead wood, 8-9mm in body size.",1,0,False,,"33680 Lacanau, France",45.0105901609,-1.1168976789,9.0,,,,9.0,,,False,,,Liocranum rupicola,Liocranum rupicola,Liocranum des rochers,Arachnida,468117
90924172,904bf027-5424-4915-99b7-c3170cee3088,2021-08-12 21:19:06,2021-08-12,2021-08-12 19:19:06 UTC,Paris,2021-08-12 20:07:50 UTC,2022-09-14 14:32:44 UTC,research,CC-BY-NC,https://www.inaturalist.org/observations/90924172,https://inaturalist-open-data.s3.amazonaws.com/photos/150323324/medium.jpeg,,,,3,0,False,2.0,"Haute-Savoie, Rhône-Alpes, FR",45.8180756741,6.3940298555,173.0,,,,27095.0,obscured,,True,gps,gps,Liocranum rupicola,Liocranum rupicola,Liocranum des rochers,Arachnida,468117
92282545,fbb10093-775d-4f53-812b-cbeb3adc65a3,2021-08-21 22:02:40,2021-08-21,2021-08-21 20:02:40 UTC,Paris,2021-08-23 20:43:02 UTC,2022-09-14 14:29:04 UTC,research,CC-BY-NC,https://www.inaturalist.org/observations/92282545,https://inaturalist-open-data.s3.amazonaws.com/photos/152774721/medium.jpeg,,,,3,0,False,2.0,"Haute-Savoie, Rhône-Alpes, FR",45.9028467513,6.2416268818,87.0,,,,27095.0,obscured,,True,gps,gps,Liocranum rupicola,Liocranum rupicola,Liocranum des rochers,Arachnida,468117
100995718,6dff8eb6-d05d-498f-81ce-fd84c4547ee6,2021/08/30 10:36 PM CEST,2021-08-30,2021-08-30 20:36:00 UTC,Paris,2021-11-13 11:52:28 UTC,2021-11-26 14:40:49 UTC,research,CC-BY-NC,https://www.inaturalist.org/observations/100995718,https://inaturalist-open-data.s3.amazonaws.com/photos/168614799/medium.jpeg,,,,4,0,False,,"30120 Avèze, France",43.9819723454,3.6043471448,2.0,,,,2.0,,,False,,,Liocranum rupicola,Liocranum rupicola,Liocranum des rochers,Arachnida,468117
115941283,b8e7fe4e-5538-49e8-83eb-13313443a640,Sat May 07 2022 19:52:24 GMT +0200 (GMT+2),2022-05-07,2022-05-07 17:52:24 UTC,Paris,2022-05-07 17:52:36 UTC,2025-04-04 16:12:12 UTC,needs_id,CC-BY-SA,https://www.inaturalist.org/observations/115941283,https://inaturalist-open-data.s3.amazonaws.com/photos/197107192/medium.jpeg,,,,2,0,False,333.0,Erp,42.9347724915,1.1866394281,91.0,,,,91.0,,,False,,,Liocranum des rochers,Liocranum rupicola,Liocranum des rochers,Arachnida,468117
118794304,caff3cb2-7796-4b6d-b592-be34b2f51942,2022-05-25 22:30:54,2022-05-25,2022-05-25 20:30:54 UTC,Paris,2022-05-26 15:46:45 UTC,2022-05-27 22:46:34 UTC,research,CC-BY-NC,https://www.inaturalist.org/observations/118794304,https://inaturalist-open-data.s3.amazonaws.com/photos/200749436/medium.jpeg,,,,1,0,False,2.0,"Haute-Savoie, Rhône-Alpes, FR",45.8640544749,6.3448944318,12.0,,,,27095.0,obscured,,True,gps,gps,Liocranum rupicola,Liocranum rupicola,Liocranum des rochers,Arachnida,468117
122378743,d527778a-a219-4634-b27f-4a0ad1684f71,2015/06/02 15:05,2015-06-02,2015-06-02 13:05:00 UTC,Paris,2022-06-18 21:42:07 UTC,2022-07-03 21:33:12 UTC,research,CC-BY-NC,https://www.inaturalist.org/observations/122378743,https://inaturalist-open-data.s3.amazonaws.com/photos/207189105/medium.jpeg,,,,1,0,False,,"Artigues, 31310 Montbrun-Bocage, France",43.1097985111,1.227954428,5.0,,,,5.0,,,False,,,Liocranum rupicola,Liocranum rupicola,Liocranum des rochers,Arachnida,468117
133957851,6450f373-5f9a-48a9-aa18-7cbdde599531,2022-09-06 21:48:16,2022-09-06,2022-09-06 19:48:16 UTC,Paris,2022-09-06 20:42:17 UTC,2024-12-03 21:50:34 UTC,research,CC-BY-NC,https://www.inaturalist.org/observations/133957851,https://inaturalist-open-data.s3.amazonaws.com/photos/228254895/medium.jpeg,,,,3,0,False,2.0,"Corse-du-Sud, Corse, FR",41.8085598406,8.9510985946,9.0,,,,27723.0,obscured,,True,,,Liocranum,Liocranum rupicola,Liocranum des rochers,Arachnida,468117
139962679,7fd916de-6158-46d1-a4fd-a3fd3c87ba4d,2022/08/22 22:41,2022-08-22,2022-08-22 20:41:00 UTC,Paris,2022-10-25 14:01:45 UTC,2022-10-25 14:56:20 UTC,research,CC-BY-NC-ND,https://www.inaturalist.org/observations/139962679,https://inaturalist-open-data.s3.amazonaws.com/photos/239495786/medium.jpg,,,,1,0,False,,"63230 Mazaye, France",45.7917268663,2.8588145257,127.0,,,,127.0,,,False,,,Liocranum rupicola,Liocranum rupicola,Liocranum des rochers,Arachnida,468117
141124224,a7011b74-cebf-4f75-ae20-5cf5c3481b33,2022/08/10 22:33,2022-08-10,2022-08-10 20:33:00 UTC,Paris,2022-11-05 03:13:29 UTC,2022-11-05 09:01:16 UTC,research,CC-BY-NC,https://www.inaturalist.org/observations/141124224,https://inaturalist-open-data.s3.amazonaws.com/photos/241682278/medium.jpeg,,,,1,0,False,,"09800 Engomer, France",42.9508715504,1.0499751673,4.0,,,,4.0,,,False,,,Liocranum rupicola,Liocranum rupicola,Liocranum des rochers,Arachnida,468117
141566912,ecb19ebf-8d51-4382-a891-41d12ac0ef60,2022/11/05 16:41,2022-11-05,2022-11-05 15:41:00 UTC,Paris,2022-11-09 22:14:30 UTC,2022-11-10 09:41:26 UTC,research,CC-BY-NC,https://www.inaturalist.org/observations/141566912,https://inaturalist-open-data.s3.amazonaws.com/photos/242554245/medium.jpeg,,,,1,0,False,,"42520 Malleval, France",45.3868326878,4.71149485,,,,,,,,False,,,Liocranum rupicola,Liocranum rupicola,Liocranum des rochers,Arachnida,468117
145302087,ce3a7d3d-c339-488f-9d6f-ae3e77c9c630,2022/12/19 16:06,2022-12-19,2022-12-19 15:06:00 UTC,Paris,2022-12-29 01:04:34 UTC,2025-04-04 16:12:57 UTC,needs_id,CC-BY-NC,https://www.inaturalist.org/observations/145302087,https://inaturalist-open-data.s3.amazonaws.com/photos/249573242/medium.jpg,,,,1,0,False,,"24270 Angoisse, France",45.445925417,1.1337680503,2.0,,,,2.0,,,False,,,Liocranum des rochers,Liocranum rupicola,Liocranum des rochers,Arachnida,468117
148759972,c9fd7b15-2712-4a93-b6e8-eae1c8377f9e,2022/09/23 19:31,2022-09-23,2022-09-23 17:31:00 UTC,Paris,2023-02-14 14:14:09 UTC,2023-02-14 16:03:43 UTC,research,CC-BY-NC,https://www.inaturalist.org/observations/148759972,https://inaturalist-open-data.s3.amazonaws.com/photos/256233664/medium.jpeg,,,,1,0,False,,"64480 Ustaritz, France",43.3856819399,-1.5080830166,2.0,,,,2.0,,,False,,,Liocranum rupicola,Liocranum rupicola,Liocranum des rochers,Arachnida,468117
149230265,46359a97-d6b1-4f01-a8de-3667ad959e6d,2022/12/24 15:54,2022-12-24,2022-12-24 14:54:00 UTC,Paris,2023-02-20 13:49:31 UTC,2023-02-20 22:21:50 UTC,research,CC-BY-NC,https://www.inaturalist.org/observations/149230265,https://inaturalist-open-data.s3.amazonaws.com/photos/257111712/medium.jpg,,,,3,1,False,,"24580 Fleurac, France",44.9992713543,1.0284122015,15.0,,,,15.0,,,False,,,Liocranum rupicola,Liocranum rupicola,Liocranum des rochers,Arachnida,468117
153080324,c573b4df-9f70-447d-980c-997166bfee93,Sun Jun 19 2022 23:17:10 GMT-0600 (CST),2022-06-19,2022-06-19 21:17:10 UTC,Paris,2023-04-01 19:30:11 UTC,2023-06-24 21:55:24 UTC,research,,https://www.inaturalist.org/observations/153080324,https://static.inaturalist.org/photos/264345975/medium.jpg,,,,1,0,False,3.0,"Impasse de la Touchonnière, Vernou-sur-Brenne, Centre-Val de Loire, FR",47.428055,0.8562583333,5.0,,,,5.0,,,False,,,Liocranum rupicola,Liocranum rupicola,Liocranum des rochers,Arachnida,468117
155058151,0d79d6ff-d353-4a4b-8126-ff5adced701d,2023-04-16 00:38:24,2023-04-16,2023-04-15 22:38:24 UTC,Paris,2023-04-15 22:42:22 UTC,2025-04-04 16:13:25 UTC,research,,https://www.inaturalist.org/observations/155058151,https://static.inaturalist.org/photos/267978771/medium.jpeg,,,,1,0,False,2.0,Comps-sur-Artuby,43.7095364961,6.5089397505,6990.0,,,,6990.0,,,False,gps,gps,Pied Stone Spider,Liocranum rupicola,Liocranum des rochers,Arachnida,468117
155190019,c4d04d08-1745-46b0-8303-005d16d933a0,2023-04-16 16:05:50,2023-04-16,2023-04-16 14:05:50 UTC,Paris,2023-04-16 18:13:29 UTC,2023-05-10 07:20:42 UTC,research,CC-BY-NC,https://www.inaturalist.org/observations/155190019,https://inaturalist-open-data.s3.amazonaws.com/photos/268225058/medium.jpeg,,,Some UV light reflects on the prosoma (or is it a diffraction phenomena?) anyway it was quite amazing,2,0,False,2.0,"83440 Tanneron, France",43.6014022825,6.8469929694,,,,,,,,False,,,Liocranum des rochers,Liocranum rupicola,Liocranum des rochers,Arachnida,468117
160595091,e5b0e315-3957-4198-82e9-77392d0c78c7,2023/05/03 12:23,2023-05-03,2023-05-03 10:23:00 UTC,Paris,2023-05-08 17:30:26 UTC,2025-04-04 16:14:03 UTC,research,CC-BY-NC,https://www.inaturalist.org/observations/160595091,https://inaturalist-open-data.s3.amazonaws.com/photos/277489445/medium.jpeg,,,,2,0,False,,"10150 Sainte-Maure, France",48.3491481089,4.055005476,15.0,,,,15.0,,,False,,,Liocranum des rochers,Liocranum rupicola,Liocranum des rochers,Arachnida,468117
165631629,5c8ae234-ba4c-4e5f-af84-81e47d36c25a,2023/05/20 20:31,2023-05-20,2023-05-20 18:31:00 UTC,Paris,2023-06-05 00:34:28 UTC,2025-07-28 18:11:06 UTC,research,CC-BY-NC,https://www.inaturalist.org/observations/165631629,https://inaturalist-open-data.s3.amazonaws.com/photos/286718736/medium.jpeg,,"Jtch.pers.coll, Jtch.genitalia",,1,0,False,,"66820 Vernet-les-Bains, France",42.5436916667,2.38881,,,,,,,,False,,,Liocranum rupicola,Liocranum rupicola,Liocranum des rochers,Arachnida,468117
165702964,3e63f16b-7c5d-42a7-ae6a-d73f76500e7a,2023/05/20 8:52 PM,2023-05-20,2023-05-20 18:52:00 UTC,Paris,2023-06-05 12:18:38 UTC,2023-06-05 12:22:18 UTC,research,CC-BY,https://www.inaturalist.org/observations/165702964,https://inaturalist-open-data.s3.amazonaws.com/photos/286864868/medium.jpeg,,,,1,0,False,,"66820 Vernet-les-Bains, France",42.542674271,2.3884238739,31.0,,,,31.0,,,False,,,Liocranum rupicola,Liocranum rupicola,Liocranum des rochers,Arachnida,468117
165709298,26162148-df1c-4f07-b72b-403d218a92f2,2023/05/20 7:33 PM,2023-05-20,2023-05-20 17:33:00 UTC,Paris,2023-06-05 13:04:19 UTC,2023-06-05 13:12:36 UTC,research,CC-BY,https://www.inaturalist.org/observations/165709298,https://inaturalist-open-data.s3.amazonaws.com/photos/286879013/medium.jpeg,,,,1,0,False,,"66820 Vernet-les-Bains, France",42.5429466969,2.3880502122,61.0,,,,61.0,,,False,,,Liocranum rupicola,Liocranum rupicola,Liocranum des rochers,Arachnida,468117
166096390,400a5f57-ae2b-4dfc-85d7-1176e360dfb8,2023/05/28 22:16,2023-05-28,2023-05-28 20:16:00 UTC,Paris,2023-06-07 16:52:48 UTC,2025-07-28 18:11:11 UTC,research,CC-BY-NC,https://www.inaturalist.org/observations/166096390,https://inaturalist-open-data.s3.amazonaws.com/photos/287583870/medium.jpeg,,,,1,0,False,,"66820 Vernet-les-Bains, France",42.5414866667,2.3874133333,,,,,,,,False,,,Liocranum des rochers,Liocranum rupicola,Liocranum des rochers,Arachnida,468117
166298745,2cfffbe0-bf84-4277-9b06-fef3ccbd47ed,2023/05/07 21:02,2023-05-07,2023-05-07 19:02:00 UTC,Paris,2023-06-08 19:56:52 UTC,2025-01-24 11:54:23 UTC,research,CC-BY-NC,https://www.inaturalist.org/observations/166298745,https://inaturalist-open-data.s3.amazonaws.com/photos/287958046/medium.jpeg,,,,1,0,False,,"07230 Payzac, France",44.4640378081,4.1418997643,109.0,,,,109.0,,,False,,,Liocranum des rochers,Liocranum rupicola,Liocranum des rochers,Arachnida,468117
168319132,a5632bb6-1dfa-49ef-8787-9cdeceb64bd7,2023-06-18 22:29:00,2023-06-18,2023-06-18 20:29:00 UTC,Paris,2023-06-19 16:25:06 UTC,2025-04-04 16:14:15 UTC,needs_id,CC-BY,https://www.inaturalist.org/observations/168319132,https://inaturalist-open-data.s3.amazonaws.com/photos/291702290/medium.jpeg,,,,1,0,False,2.0,"Saint-Andéol-de-Clerguemort, 48160 Ventalon en Cévennes, France",44.288005582,3.9051997662,19.0,,,,19.0,,,False,gps,gps,Pied Stone Spider,Liocranum rupicola,Liocranum des rochers,Arachnida,468117
169362676,37441120-f4fd-40b7-8f6d-95de6d1b5192,2023-06-25 00:25:41,2023-06-25,2023-06-24 22:25:41 UTC,Paris,2023-06-25 12:01:46 UTC,2023-06-25 15:04:54 UTC,research,CC-BY-NC,https://www.inaturalist.org/observations/169362676,https://inaturalist-open-data.s3.amazonaws.com/photos/293615965/medium.jpeg,,,,1,0,False,2.0,Les Panthets,45.8851931647,6.3553299755,1510.0,,,,1510.0,,,False,gps,gps,Pied Stone Spider,Liocranum rupicola,Liocranum des rochers,Arachnida,468117
171579246,6f2747cc-7d1f-417e-9ede-84721c872eea,2022-08-22 11:46:01,2022-08-22,2022-08-22 09:46:01 UTC,Paris,2023-07-07 16:23:05 UTC,2023-07-08 07:46:05 UTC,research,CC-BY-NC,https://www.inaturalist.org/observations/171579246,https://inaturalist-open-data.s3.amazonaws.com/photos/297749164/medium.jpeg,,,,1,0,False,2.0,"F38C+P2, 22100 Saint-Hélen, France",48.4677788018,-1.9264459983,96126.0,,,,96126.0,,,False,,,Pied Stone Spider,Liocranum rupicola,Liocranum des rochers,Arachnida,468117
171784441,e0dc3cc1-81da-45bc-b32a-6c21093e5e8b,2023-07-02 17:02:55,2023-07-02,2023-07-02 15:02:55 UTC,Paris,2023-07-08 17:40:22 UTC,2023-07-24 17:35:30 UTC,research,CC-BY-NC,https://www.inaturalist.org/observations/171784441,https://inaturalist-open-data.s3.amazonaws.com/photos/298126337/medium.jpeg,,,,2,0,False,2.0,"73340 Bellecombe-en-Bauges, France",45.7434584045,6.1446223408,39.0,,,,39.0,,,False,gps,gps,Liocranum des rochers,Liocranum rupicola,Liocranum des rochers,Arachnida,468117
173584695,a6fd065a-9472-438a-adfe-63aefa7aac06,2023/06/12 9:05 PM,2023-06-12,2023-06-12 19:05:00 UTC,Paris,2023-07-18 12:56:48 UTC,2025-04-04 16:14:27 UTC,needs_id,CC-BY,https://www.inaturalist.org/observations/173584695,https://inaturalist-open-data.s3.amazonaws.com/photos/301464303/medium.jpeg,,,,1,0,False,,"Saint-Andéol-de-Clerguemort, 48160 Ventalon en Cévennes, France",44.2879950017,3.9052087794,4.0,,,,4.0,,,False,,,Pied Stone Spider,Liocranum rupicola,Liocranum des rochers,Arachnida,468117
175099035,290c16b4-ebd4-4740-9d23-9abf8ccb5f68,2023-07-26 21:44:34,2023-07-26,2023-07-26 19:44:34 UTC,Paris,2023-07-26 20:37:09 UTC,2023-08-07 22:42:28 UTC,research,CC-BY-NC,https://www.inaturalist.org/observations/175099035,https://inaturalist-open-data.s3.amazonaws.com/photos/304270877/medium.jpeg,,,,1,0,False,2.0,Les Panthets,45.8851931647,6.3553299755,1510.0,,,,1510.0,,,False,gps,gps,Liocranum des rochers,Liocranum rupicola,Liocranum des rochers,Arachnida,468117
177239717,f3e91778-3b30-46bb-a180-a377cc468232,2023-08-07 23:17:55,2023-08-07,2023-08-07 21:17:55 UTC,Paris,2023-08-07 21:19:34 UTC,2025-04-04 16:14:30 UTC,research,CC-BY-NC,https://www.inaturalist.org/observations/177239717,https://inaturalist-open-data.s3.amazonaws.com/photos/308244336/medium.jpeg,,,,1,0,False,2.0,"Aveyron, Midi-Pyrénées, FR",44.4205891,3.0574634,,,,,,,,False,gps,gps,Liocranum des rochers,Liocranum rupicola,Liocranum des rochers,Arachnida,468117
178099279,8fe9db45-bd75-4cdd-be77-d45904f4550a,2023-08-13 02:37:04+02:00,2023-08-13,2023-08-13 00:37:04 UTC,Paris,2023-08-13 01:19:36 UTC,2025-04-04 15:32:19 UTC,research,CC-BY-NC,https://www.inaturalist.org/observations/178099279,https://inaturalist-open-data.s3.amazonaws.com/photos/309849013/medium.jpg,,,,2,0,False,3.0,"Parc Naturel Régional du Haut-Languedoc, Le Bez, Occitanie, FR",43.6592916667,2.4200033333,4.0,,,,4.0,,,False,,,Liocranum des rochers,Liocranum rupicola,Liocranum des rochers,Arachnida,468117
179694175,1e4bf4c6-05d1-441e-9b98-89fef8cf91c9,2023/08/21 8:41 PM,2023-08-21,2023-08-21 18:41:00 UTC,Paris,2023-08-22 16:00:42 UTC,2023-08-22 16:06:24 UTC,research,CC-BY,https://www.inaturalist.org/observations/179694175,https://inaturalist-open-data.s3.amazonaws.com/photos/312877812/medium.jpeg,,,,1,0,False,,"19270 Sainte-Féréole, France",45.2327145846,1.5595197855,219.0,,,,219.0,,,False,,,Pied Stone Spider,Liocranum rupicola,Liocranum des rochers,Arachnida,468117
182623811,1ebea51a-de51-4cda-b22b-2901a016c3b2,2023/09/08 19:13,2023-09-08,2023-09-08 17:13:00 UTC,Paris,2023-09-10 12:45:25 UTC,2025-04-04 15:32:10 UTC,research,,https://www.inaturalist.org/observations/182623811,https://static.inaturalist.org/photos/318447879/medium.jpg,,,,2,0,False,,"40310 Escalans, France",44.0000528081,0.0622660903,3412.0,,,,3412.0,,,False,,,Liocranum des rochers,Liocranum rupicola,Liocranum des rochers,Arachnida,468117
182915705,813117ab-de70-46ba-8e7c-34cfdf89dbad,2023/08/23 21:20,2023-08-23,2023-08-23 19:20:00 UTC,Paris,2023-09-12 07:34:08 UTC,2024-12-03 18:34:51 UTC,research,CC-BY-NC,https://www.inaturalist.org/observations/182915705,https://inaturalist-open-data.s3.amazonaws.com/photos/319021842/medium.jpeg,,,,1,0,False,,"09320 Massat, France",42.8956000118,1.3267064027,50.0,,,,50.0,,,False,,,Liocranum des rochers,Liocranum rupicola,Liocranum des rochers,Arachnida,468117
185352420,df222a8f-1ad5-448e-9d64-2ae46c9855cb,2023/09/24 11:09 PM,2023-09-24,2023-09-24 21:09:00 UTC,Paris,2023-09-28 23:23:11 UTC,2023-10-14 10:06:12 UTC,research,CC-BY,https://www.inaturalist.org/observations/185352420,https://inaturalist-open-data.s3.amazonaws.com/photos/323698912/medium.jpg,,,,3,0,False,,"19270 Sainte-Féréole, France",45.232048433,1.5583107672,192.0,,,,192.0,,,False,,,Pied Stone Spider,Liocranum rupicola,Liocranum des rochers,Arachnida,468117
186683835,3ef70a14-6751-4249-b7dd-b14ee0ab5e49,2023/09/24 11:05 PM,2023-09-24,2023-09-24 21:05:00 UTC,Paris,2023-10-08 12:41:56 UTC,2023-10-08 14:12:02 UTC,research,CC-BY,https://www.inaturalist.org/observations/186683835,https://inaturalist-open-data.s3.amazonaws.com/photos/326298773/medium.jpeg,,,,2,0,False,,"19270 Sainte-Féréole, France",45.2334373555,1.5613941002,61.0,,,,61.0,,,False,,,Pied Stone Spider,Liocranum rupicola,Liocranum des rochers,Arachnida,468117
188905288,422eca2b-c148-4b18-a676-a74e5c8bbf19,2023/10/21 11:50,2023-10-21,2023-10-21 09:50:00 UTC,Paris,2023-10-25 15:54:26 UTC,2023-10-25 18:17:59 UTC,research,CC-BY-NC,https://www.inaturalist.org/observations/188905288,https://inaturalist-open-data.s3.amazonaws.com/photos/330756098/medium.jpg,,,,1,0,False,,"09420 Esplas-de-Sérou, France",42.9736340004,1.3419653038,80.0,,,,80.0,,,False,,,Liocranum des rochers,Liocranum rupicola,Liocranum des rochers,Arachnida,468117
191005840,ef1ff346-6de7-4918-b73b-4fc516115640,2023/08/19 10:06,2023-08-19,2023-08-19 08:06:00 UTC,Paris,2023-11-14 15:44:50 UTC,2023-11-15 09:10:48 UTC,research,CC-BY-NC,https://www.inaturalist.org/observations/191005840,https://inaturalist-open-data.s3.amazonaws.com/photos/334931449/medium.jpg,,,,1,0,False,,"04420 Beaujeu, France",44.2118783089,6.3429145177,2.0,,,,2.0,,,False,,,Liocranum des rochers,Liocranum rupicola,Liocranum des rochers,Arachnida,468117
191372939,a4eca089-068e-4ca4-8dd3-f4e9781611f8,2023/11/18 15:29,2023-11-18,2023-11-18 14:29:00 UTC,Paris,2023-11-18 15:57:08 UTC,2023-11-18 19:38:21 UTC,research,CC-BY,https://www.inaturalist.org/observations/191372939,https://inaturalist-open-data.s3.amazonaws.com/photos/335707548/medium.jpeg,,,,2,0,False,,"Plan-d'Aups-Sainte-Baume, France",43.3395842527,5.7934539562,131.0,,,,131.0,,,False,,,Liocranum des rochers,Liocranum rupicola,Liocranum des rochers,Arachnida,468117
192558093,7ff87b22-54a5-426e-ab1a-cf972a7f026d,2023-11-28 11:01:40+01:00,2023-11-28,2023-11-28 10:01:40 UTC,Paris,2023-11-29 16:11:47 UTC,2024-12-04 23:19:44 UTC,research,CC-BY-NC,https://www.inaturalist.org/observations/192558093,https://inaturalist-open-data.s3.amazonaws.com/photos/338059781/medium.jpg,,,Dans caverne ,2,0,False,3.0,"Corse, Castiglione, Corse, FR",42.414395,9.1345083333,5005.0,,,,5005.0,,,False,,,Liocranum des rochers,Liocranum rupicola,Liocranum des rochers,Arachnida,468117
197634395,b81f694d-38f8-4dea-be2b-fd4a93e35adf,2023/07/30 22:56,2023-07-30,2023-07-30 20:56:00 UTC,Paris,2024-01-26 20:51:47 UTC,2024-01-26 21:10:29 UTC,research,CC-BY-NC,https://www.inaturalist.org/observations/197634395,https://inaturalist-open-data.s3.amazonaws.com/photos/348138338/medium.jpeg,,,,1,0,False,,"40660 Moliets-et-Maa, France",43.8456482716,-1.3685277923,2.0,,,,2.0,,,False,,,Liocranum des rochers,Liocranum rupicola,Liocranum des rochers,Arachnida,468117
199081404,579d7bb6-5d9a-416a-9b0a-8e0b11b0c7f1,2018-07-19 14:28:41,2018-07-19,2018-07-19 12:28:41 UTC,Paris,2024-02-12 06:56:50 UTC,2025-01-22 16:46:35 UTC,research,CC-BY-NC-SA,https://www.inaturalist.org/observations/199081404,https://inaturalist-open-data.s3.amazonaws.com/photos/351019114/medium.jpeg,,,,2,0,False,2.0,"68300 Saint-Louis, France",47.6004160632,7.5483027846,7.0,,,,7.0,,,False,gps,gps,Liocranum rupicola,Liocranum rupicola,Liocranum des rochers,Arachnida,468117
203606072,85c7c6be-8935-4702-9461-ca98274bbc96,2024-03-23 12:44:29,2024-03-23,2024-03-23 11:44:29 UTC,Paris,2024-03-23 16:17:05 UTC,2025-04-04 15:30:46 UTC,research,CC-BY-NC,https://www.inaturalist.org/observations/203606072,https://inaturalist-open-data.s3.amazonaws.com/photos/359758082/medium.jpeg,,,,1,0,False,2.0,"JGCQ+5X, 68300 Saint-Louis, France",47.6208285,7.5373675,,,,,,,,False,gps,gps,Liocranum des rochers,Liocranum rupicola,Liocranum des rochers,Arachnida,468117
204930319,5ede9dad-3196-417e-9200-2b595c445974,2024/04/01 14:50,2024-04-01,2024-04-01 12:50:00 UTC,Paris,2024-04-01 14:49:54 UTC,2024-11-23 14:55:58 UTC,research,CC-BY-NC,https://www.inaturalist.org/observations/204930319,https://inaturalist-open-data.s3.amazonaws.com/photos/362279859/medium.jpeg,,,,1,0,False,,"La Teste-de-Buch, France",44.6469363463,-1.1597593961,5.0,,,,5.0,,,False,,,Liocranum des rochers,Liocranum rupicola,Liocranum des rochers,Arachnida,468117
207129378,22e079a4-bcbf-4e2c-a8e8-7a0321a23b88,2024-03-21 21:20:25,2024-03-21,2024-03-21 20:20:25 UTC,Paris,2024-04-14 09:00:12 UTC,2025-04-04 15:30:44 UTC,research,,https://www.inaturalist.org/observations/207129378,https://static.inaturalist.org/photos/366346110/medium.jpeg,,,,1,0,False,2.0,"07200 Vesseaux, France",44.6750632985,4.4582447782,8.0,,,,8.0,,,False,gps,gps,Pied Stone Spider,Liocranum rupicola,Liocranum des rochers,Arachnida,468117
207184752,b2c20c45-e8bd-44da-b1eb-167c026dfb62,2024/04/13 23:03,2024-04-13,2024-04-13 21:03:00 UTC,Paris,2024-04-14 15:30:15 UTC,2024-11-23 14:54:18 UTC,research,CC-BY-NC,https://www.inaturalist.org/observations/207184752,https://inaturalist-open-data.s3.amazonaws.com/photos/366435495/medium.jpeg,,,,1,0,False,,"33430 Bernos-Beaulac, France",44.358839453,-0.2907065933,10.0,,,,10.0,,,False,,,Liocranum des rochers,Liocranum rupicola,Liocranum des rochers,Arachnida,468117
209040076,34ed8b67-4a11-4443-85a7-6aac9ce73cf5,2024-04-20 21:28:46+02:00,2024-04-20,2024-04-20 19:28:46 UTC,Paris,2024-04-24 07:05:03 UTC,2024-04-24 13:15:51 UTC,research,CC-BY-NC,https://www.inaturalist.org/observations/209040076,https://inaturalist-open-data.s3.amazonaws.com/photos/369910343/medium.jpg,,,,1,0,False,3.0,"Route de la Gare, Ponteils-et-Brésis, Occitanie, FR",44.3908650436,3.9399058103,22.0,,,,22.0,,,False,,,Liocranum des rochers,Liocranum rupicola,Liocranum des rochers,Arachnida,468117
212386684,5e3a4bde-97fc-4910-9cbe-c1354ccef4f2,2024-04-30 13:36:28,2024-04-30,2024-04-30 11:36:28 UTC,Paris,2024-04-30 21:09:58 UTC,2025-04-05 20:50:25 UTC,research,,https://www.inaturalist.org/observations/212386684,https://static.inaturalist.org/photos/375331353/medium.jpeg,,,,1,0,False,2.0,"77300 Fontainebleau, France",48.3660996278,2.7550232783,34.0,,,,34.0,,,False,gps,gps,Pied Stone Spider,Liocranum rupicola,Liocranum des rochers,Arachnida,468117
213801400,2f77bf06-3660-48da-a282-1a37b2d5e734,2024/05/03 6:30 PM,2024-05-03,2024-05-03 16:30:00 UTC,Paris,2024-05-05 20:52:03 UTC,2025-04-04 15:30:23 UTC,needs_id,CC-BY-NC,https://www.inaturalist.org/observations/213801400,https://inaturalist-open-data.s3.amazonaws.com/photos/377857810/medium.jpg,,,,2,0,False,,"06750 Andon, France",43.773217,6.786297,8716.0,,,,8716.0,,,False,,,Pied Stone Spider,Liocranum rupicola,Liocranum des rochers,Arachnida,468117
217109195,de645d86-eb21-492a-99bc-b8d8b6b17f74,2024/05/09 20:28,2024-05-09,2024-05-09 18:28:00 UTC,Paris,2024-05-20 17:57:28 UTC,2024-07-22 20:42:31 UTC,research,CC-BY-NC,https://www.inaturalist.org/observations/217109195,https://inaturalist-open-data.s3.amazonaws.com/photos/384028132/medium.jpeg,,,,1,0,False,,"07230 Payzac, France",44.4625621668,4.1435503745,146.0,,,,146.0,,,False,,,Liocranum des rochers,Liocranum rupicola,Liocranum des rochers,Arachnida,468117
221249126,9b9715f0-776c-47a3-93ad-cdda2a4b5042,2024-06-08 08:19:38,2024-06-08,2024-06-08 06:19:38 UTC,Paris,2024-06-08 06:22:17 UTC,2025-04-04 15:29:52 UTC,research,CC-BY-NC,https://www.inaturalist.org/observations/221249126,https://inaturalist-open-data.s3.amazonaws.com/photos/391808971/medium.jpeg,,,,1,0,False,2.0,"12560 Saint-Saturnin-de-Lenne, France",44.4283637778,3.0533940556,,,,,,,,False,gps,gps,Liocranum des rochers,Liocranum rupicola,Liocranum des rochers,Arachnida,468117
231628218,4f521d15-2f12-4e91-9d44-ff6b0257ed67,2024/07/08 10:05,2024-07-08,2024-07-08 08:05:00 UTC,Paris,2024-07-25 15:06:08 UTC,2024-08-09 09:15:14 UTC,research,CC-BY-NC,https://www.inaturalist.org/observations/231628218,https://inaturalist-open-data.s3.amazonaws.com/photos/411416961/medium.jpg,,,,2,0,False,,"04330 Clumanc, Frankreich",44.0351818466,6.3845537302,2894.0,,,,2894.0,,,False,,,Bunter Felsenstreuner,Liocranum rupicola,Liocranum des rochers,Arachnida,468117
233168979,30419cbe-b96e-40c8-afca-9bd00b8281bc,2024-01-06 16:00:55,2024-01-06,2024-01-06 15:00:55 UTC,Paris,2024-08-01 21:27:18 UTC,2024-08-09 09:14:47 UTC,research,CC-BY-NC-ND,https://www.inaturalist.org/observations/233168979,https://inaturalist-open-data.s3.amazonaws.com/photos/414350778/medium.jpeg,,,,1,0,False,2.0,"Lotissement Coste Moline, 04240 Annot, France",43.9629168843,6.6679162905,4.0,,,,4.0,,,False,gps,gps,Liocranum des rochers,Liocranum rupicola,Liocranum des rochers,Arachnida,468117
233512805,e5c33a65-8e18-4357-bfde-771d49ce4673,2024/08/03 15:29,2024-08-03,2024-08-03 13:29:00 UTC,Paris,2024-08-03 16:25:12 UTC,2024-08-09 09:14:28 UTC,research,,https://www.inaturalist.org/observations/233512805,https://static.inaturalist.org/photos/414996716/medium.jpg,,,,1,0,False,,"29120 Pont-l'Abbé, France",47.8611041412,-4.2246672724,2.0,,,,2.0,,,False,,,Liocranum des rochers,Liocranum rupicola,Liocranum des rochers,Arachnida,468117
238406771,2542c8e2-487d-42e2-a764-d402f0300bb7,2024/08/17 23:01,2024-08-17,2024-08-17 21:01:00 UTC,Paris,2024-08-28 12:51:43 UTC,2025-04-07 11:19:35 UTC,research,CC-BY-NC,https://www.inaturalist.org/observations/238406771,https://inaturalist-open-data.s3.amazonaws.com/photos/424438582/medium.jpeg,,,,1,0,False,,"04240 Annot, France",43.960702449,6.6807446042,82.0,,,,82.0,,,False,,,Liocranum des rochers,Liocranum rupicola,Liocranum des rochers,Arachnida,468117
240175838,d973c8ab-e137-4464-9887-6245e52d67e6,2024/09/05 9:38 PM,2024-09-05,2024-09-05 19:38:00 UTC,Paris,2024-09-06 17:45:05 UTC,2024-09-06 18:44:39 UTC,research,CC-BY-NC,https://www.inaturalist.org/observations/240175838,https://inaturalist-open-data.s3.amazonaws.com/photos/427858724/medium.jpeg,,,,1,0,False,,"40530 Labenne, France",43.5811421022,-1.428567592,15.0,,,,15.0,,,False,,,Pied Stone Spider,Liocranum rupicola,Liocranum des rochers,Arachnida,468117
249041898,3e532467-9a98-4119-9518-8cb4e7fcd9f5,2024/09/14 21:25,2024-09-14,2024-09-14 19:25:00 UTC,Paris,2024-10-25 16:50:09 UTC,2025-04-07 12:07:00 UTC,research,CC-BY-NC,https://www.inaturalist.org/observations/249041898,https://inaturalist-open-data.s3.amazonaws.com/photos/445098908/medium.jpg,,,,1,0,False,,"Peyreleau, France",44.1918889383,3.2034657594,2.0,,,,2.0,,,False,,,Liocranum rupicola,Liocranum rupicola,Liocranum des rochers,Arachnida,468117
249220724,d61f0c1d-caeb-4601-a2da-0538a6d66542,2024-10-25 22:47:00,2024-10-25,2024-10-25 20:47:00 UTC,Paris,2024-10-26 20:42:34 UTC,2025-04-07 18:44:10 UTC,research,CC-BY-NC,https://www.inaturalist.org/observations/249220724,https://inaturalist-open-data.s3.amazonaws.com/photos/445457583/medium.jpeg,,,,1,0,False,2.0,"74230 Thônes, France",45.8851931647,6.3553299755,1514.0,,,,1514.0,,,False,gps,gps,Liocranum des rochers,Liocranum rupicola,Liocranum des rochers,Arachnida,468117
250905199,297282ac-700d-4837-86c2-462c18c664e6,2024-11-08 14:40:47,2024-11-08,2024-11-08 13:40:47 UTC,Paris,2024-11-08 13:41:42 UTC,2024-11-09 09:11:37 UTC,research,CC-BY-NC,https://www.inaturalist.org/observations/250905199,https://inaturalist-open-data.s3.amazonaws.com/photos/448835256/medium.jpeg,,,,1,0,False,2.0,"77300 Fontainebleau, France",48.4045259722,2.638957,,,,,,,,False,gps,gps,Liocranum des rochers,Liocranum rupicola,Liocranum des rochers,Arachnida,468117
250998772,364b4d21-39b4-4b1e-8f3a-5e34999817fe,2024/11/08 15:47,2024-11-08,2024-11-08 14:47:00 UTC,Paris,2024-11-09 07:01:13 UTC,2025-02-24 18:27:32 UTC,research,CC-BY-NC,https://www.inaturalist.org/observations/250998772,https://inaturalist-open-data.s3.amazonaws.com/photos/449021489/medium.jpeg,,,,1,0,False,,"77300 Fontainebleau, France",48.4053490713,2.6400531407,31.0,,,,31.0,,,False,,,Liocranum rupicola,Liocranum rupicola,Liocranum des rochers,Arachnida,468117
251347347,0eb10c74-b221-44c2-ba7c-c995e343b6b7,2024/07/01 08:34,2024-07-01,2024-07-01 06:34:00 UTC,Paris,2024-11-11 19:25:14 UTC,2024-12-16 21:43:31 UTC,research,CC-BY-NC,https://www.inaturalist.org/observations/251347347,https://inaturalist-open-data.s3.amazonaws.com/photos/449714735/medium.jpeg,,,,1,0,False,,"73640 Sainte-Foy-Tarentaise, France",45.6050736631,6.8771996144,65.0,,,,65.0,,,False,,,Liocranum des rochers,Liocranum rupicola,Liocranum des rochers,Arachnida,468117
255085344,8b8b96e0-2bf7-4fe9-8fdb-5006d564330e,2024/08/26 12:52,2024-08-26,2024-08-26 10:52:00 UTC,Paris,2024-12-14 16:24:15 UTC,2025-04-15 06:33:41 UTC,research,,https://www.inaturalist.org/observations/255085344,https://static.inaturalist.org/photos/457018090/medium.jpeg,,,,1,0,False,,"26190 Oriol-en-Royans, France",44.966468,5.250934,,,,,,,,False,,,Liocranum des rochers,Liocranum rupicola,Liocranum des rochers,Arachnida,468117
255173490,83cf34ae-888f-41ce-b14e-3611d9dff29e,2024-12-15 13:34:58,2024-12-15,2024-12-15 12:34:58 UTC,Paris,2024-12-15 12:38:26 UTC,2025-04-15 08:48:38 UTC,research,CC-BY-NC,https://www.inaturalist.org/observations/255173490,https://inaturalist-open-data.s3.amazonaws.com/photos/457234746/medium.jpeg,,,,1,0,False,2.0,"09190 Gajan, France",43.0192810802,1.1270923913,5.0,,,,5.0,,,False,gps,gps,Liocranum des rochers,Liocranum rupicola,Liocranum des rochers,Arachnida,468117
257360368,36e6e1e1-3a43-4310-8859-31f8d91aaa7a,2025-01-04 15:14:58,2025-01-04,2025-01-04 14:14:58 UTC,Paris,2025-01-04 15:25:47 UTC,2025-04-04 15:28:14 UTC,research,CC-BY-NC,https://www.inaturalist.org/observations/257360368,https://inaturalist-open-data.s3.amazonaws.com/photos/461654577/medium.jpeg,,,,2,0,False,2.0,"74340 Samoëns, France",46.0875351583,6.7314662039,73.0,,,,73.0,,,False,gps,gps,Liocranum des rochers,Liocranum rupicola,Liocranum des rochers,Arachnida,468117
260304683,15dfdded-15c4-4228-9279-0eeb78ff15e3,2025-02-01 17:43:35,2025-02-01,2025-02-01 16:43:35 UTC,Paris,2025-02-01 21:34:22 UTC,2025-04-14 01:59:52 UTC,research,CC-BY-NC,https://www.inaturalist.org/observations/260304683,https://inaturalist-open-data.s3.amazonaws.com/photos/467442760/medium.jpeg,,,,1,0,False,2.0,"44170 Marsac-sur-Don, France",47.5992296045,-1.7153913528,21.0,,,,21.0,,,False,gps,gps,Liocranum des rochers,Liocranum rupicola,Liocranum des rochers,Arachnida,468117
265099071,caef84ab-e4d3-4da9-96e4-ff4a5c2fd499,2025/03/12 9:18 PM,2025-03-12,2025-03-12 20:18:00 UTC,Paris,2025-03-12 22:05:14 UTC,2025-04-12 09:00:47 UTC,research,CC-BY-NC,https://www.inaturalist.org/observations/265099071,https://inaturalist-open-data.s3.amazonaws.com/photos/476109736/medium.jpeg,,,,1,0,False,,"04190 Les Mées, France",44.0196783333,5.9567016667,,,,,,,,False,,,Pied Stone Spider,Liocranum rupicola,Liocranum des rochers,Arachnida,468117
270043624,1330e837-c2da-400d-a77a-dc3e36105360,2025/04/12 2:27 PM,2025-04-12,2025-04-12 12:27:00 UTC,Paris,2025-04-12 20:04:02 UTC,2025-04-12 20:32:54 UTC,research,CC-BY-NC,https://www.inaturalist.org/observations/270043624,https://inaturalist-open-data.s3.amazonaws.com/photos/485600511/medium.jpg,,,,1,0,False,,"06620 Cipières, France",43.7665328897,6.9265620116,69.0,,,,69.0,,,False,,,Pied Stone Spider,Liocranum rupicola,Liocranum des rochers,Arachnida,468117
271998507,8f70fac6-c599-406d-9ae1-08f6afc4898d,2025/04/19 10:00,2025-04-19,2025-04-19 08:00:00 UTC,Paris,2025-04-21 16:34:18 UTC,2025-05-22 00:52:14 UTC,research,CC-BY-NC,https://www.inaturalist.org/observations/271998507,https://inaturalist-open-data.s3.amazonaws.com/photos/489296861/medium.jpeg,,,Sur falaise calcaire.,2,0,False,,"W5W8+7V Gordes, France",43.945657,5.167225,,,,,,,,False,,,Liocranum des rochers,Liocranum rupicola,Liocranum des rochers,Arachnida,468117
272203822,674759a4-8f05-4c99-b207-296b5d0be496,2025-04-18 21:06:42+02:00,2025-04-18,2025-04-18 19:06:42 UTC,Paris,2025-04-22 14:19:15 UTC,2025-04-23 07:45:54 UTC,research,CC-BY-NC,https://www.inaturalist.org/observations/272203822,https://inaturalist-open-data.s3.amazonaws.com/photos/489754898/medium.jpg,,,,2,0,False,3.0,"Parc Naturel Régional du Haut-Languedoc, Ferrals-les-Montagnes, Occitanie, FR",43.4158666667,2.642795,12.0,,,,12.0,,,False,,,Liocranum des rochers,Liocranum rupicola,Liocranum des rochers,Arachnida,468117
272783332,40182ad9-b04d-4b9d-8fed-3f33ddae1b1b,2017/06/27 22:42,2017-06-27,2017-06-27 20:42:00 UTC,Paris,2025-04-24 21:11:13 UTC,2025-04-25 19:22:35 UTC,research,CC-BY-NC,https://www.inaturalist.org/observations/272783332,https://inaturalist-open-data.s3.amazonaws.com/photos/490763108/medium.jpeg,,,,1,0,False,,"73270 Beaufort, France",45.7238836915,6.5825273774,23.0,,,,23.0,,,False,,,Liocranum des rochers,Liocranum rupicola,Liocranum des rochers,Arachnida,468117
278094099,0cec3c0d-bd44-48a5-b9ba-01237ee4654c,2025-05-03 16:08:20+02:00,2025-05-03,2025-05-03 14:08:20 UTC,Paris,2025-05-03 16:34:48 UTC,2025-05-12 16:52:14 UTC,research,,https://www.inaturalist.org/observations/278094099,https://static.inaturalist.org/photos/499334462/medium.jpg,,,,2,0,False,3.0,"Senez, Provence-Alpes-Côte d'Azur, FR",43.894375,6.42325,1134.0,,,,1134.0,,,False,,,Liocranum des rochers,Liocranum rupicola,Liocranum des rochers,Arachnida,468117
278163793,f9f8223b-ab52-40ed-a652-be400bb77356,2025/05/03 9:35 PM,2025-05-03,2025-05-03 19:35:00 UTC,Paris,2025-05-03 20:14:00 UTC,2025-05-03 20:14:00 UTC,needs_id,CC-BY-NC,https://www.inaturalist.org/observations/278163793,https://inaturalist-open-data.s3.amazonaws.com/photos/499451819/medium.jpeg,,,,0,0,False,,"30110 Branoux-les-Taillades, France",44.2274738824,3.9977913238,119.0,,,,119.0,,,False,,,Pied Stone Spider,Liocranum rupicola,Liocranum des rochers,Arachnida,468117
280762323,752ab944-9a74-4c65-bc80-d566ae8a71e8,2025/05/11 15:08,2025-05-11,2025-05-11 13:08:00 UTC,Paris,2025-05-13 12:35:48 UTC,2025-09-02 15:25:46 UTC,needs_id,CC-BY,https://www.inaturalist.org/observations/280762323,https://inaturalist-open-data.s3.amazonaws.com/photos/504248749/medium.jpg,,,,0,0,False,,Grotte de Dufau,44.8233163052,1.5430755139,20.0,,,,20.0,,,False,,,Liocranum rupicola,Liocranum rupicola,Liocranum des rochers,Arachnida,468117
280859713,c7888bf5-a619-418a-80ea-fd1e54830f15,2025/04/19 20:58,2025-04-19,2025-04-19 18:58:00 UTC,Paris,2025-05-13 20:31:37 UTC,2025-05-13 20:31:37 UTC,needs_id,CC-BY-NC,https://www.inaturalist.org/observations/280859713,https://inaturalist-open-data.s3.amazonaws.com/photos/504472998/medium.jpeg,,,,0,0,False,,"06420 Rimplas, France",44.0628788942,7.1291856277,15.0,,,,15.0,,,False,,,Liocranum des Rochers,Liocranum rupicola,Liocranum des rochers,Arachnida,468117
281432543,7b5a07c8-b641-41f5-8c4f-c5bc14c28bf3,2025-05-16 00:33:15,2025-05-16,2025-05-15 22:33:15 UTC,Paris,2025-05-16 06:16:20 UTC,2025-05-16 19:04:03 UTC,needs_id,CC-BY-NC,https://www.inaturalist.org/observations/281432543,https://inaturalist-open-data.s3.amazonaws.com/photos/505556657/medium.jpg,,,,1,0,False,2.0,"Belle-Beille, Angers, France",47.485917074,-0.605806075,291.0,,,,291.0,,,False,gps,gps,Liocranum des rochers,Liocranum rupicola,Liocranum des rochers,Arachnida,468117
284208828,db4b69ac-2ff1-4d64-85b5-4948316b22cc,2025-05-26 11:00:45+02:00,2025-05-26,2025-05-26 09:00:45 UTC,Paris,2025-05-26 09:02:57 UTC,2025-05-26 22:50:26 UTC,research,CC-BY-NC,https://www.inaturalist.org/observations/284208828,https://inaturalist-open-data.s3.amazonaws.com/photos/510752736/medium.jpg,,,,1,0,False,3.0,"Alçay-Alçabéhéty-Sunharette, Nouvelle-Aquitaine, FR",43.0956228114,-0.9335830845,11.0,,,,11.0,,,False,,,Liocranum des rochers,Liocranum rupicola,Liocranum des rochers,Arachnida,468117
284361480,6edb50e8-697d-43e8-a099-17a7502a06d4,2025/05/26 15:45,2025-05-26,2025-05-26 13:45:00 UTC,Paris,2025-05-26 20:22:36 UTC,2025-05-26 21:02:08 UTC,research,CC-BY-NC,https://www.inaturalist.org/observations/284361480,https://inaturalist-open-data.s3.amazonaws.com/photos/511016012/medium.jpg,,,,1,0,False,,"Haute-Savoie, Rhône-Alpes, FR",46.0413074884,6.7714826624,2.0,,,,2.0,,,False,,,Liocranum des rochers,Liocranum rupicola,Liocranum des rochers,Arachnida,468117
296330460,1fb0646c-483c-4b60-b2de-3b9ab178e397,2025/03/23 11:24,2025-03-23,2025-03-23 10:24:00 UTC,Paris,2025-07-08 19:46:49 UTC,2025-07-08 22:10:29 UTC,research,CC-BY-NC,https://www.inaturalist.org/observations/296330460,https://inaturalist-open-data.s3.amazonaws.com/photos/533559520/medium.jpg,,,,1,0,False,,"Bourdeau, France",45.6873242508,5.8581235951,65.0,,,,65.0,,,False,,,Liocranum des rochers,Liocranum rupicola,Liocranum des rochers,Arachnida,468117
297004677,c3061af4-49ad-414a-938a-af4d73f19a64,2025/07/09 23:25,2025-07-09,2025-07-09 21:25:00 UTC,Paris,2025-07-11 12:57:08 UTC,2025-07-11 12:57:08 UTC,needs_id,CC-BY-NC,https://www.inaturalist.org/observations/297004677,https://inaturalist-open-data.s3.amazonaws.com/photos/534843884/medium.jpg,,,,0,0,False,,"33170 Gradignan, France",44.7470076651,-0.6286620465,15.0,,,,15.0,,,False,,,Liocranum des Rochers,Liocranum rupicola,Liocranum des rochers,Arachnida,468117
298683952,a86b8747-1376-4812-82f9-6ef9da069b68,2025-07-17 16:55:43,2025-07-17,2025-07-17 14:55:43 UTC,Paris,2025-07-17 15:08:31 UTC,2025-07-17 18:37:01 UTC,needs_id,,https://www.inaturalist.org/observations/298683952,https://static.inaturalist.org/photos/538041035/medium.jpg,,,,0,0,False,2.0,"04120 Castellane, France",43.8297258847,6.4040325209,280.0,,,,280.0,,,False,gps,gps,Pied Stone Spider,Liocranum rupicola,Liocranum des rochers,Arachnida,468117
301041870,05fd370b-54eb-47bb-88e2-0b5b961f29c1,2025-07-25 19:56:36,2025-07-25,2025-07-25 17:56:36 UTC,Paris,2025-07-25 21:28:27 UTC,2025-08-31 10:12:41 UTC,research,CC-BY-NC,https://www.inaturalist.org/observations/301041870,https://inaturalist-open-data.s3.amazonaws.com/photos/542452005/medium.jpg,,,,1,0,False,2.0,"46200 Lacave, France",44.8468016331,1.5606966242,9.0,,,,9.0,,,False,,,Liocranum des rochers,Liocranum rupicola,Liocranum des rochers,Arachnida,468117
301162417,f2401ee0-80b9-40b5-9990-ac38d8829acf,Sat Jul 26 2025 11:33:52 GMT +0200 (GMT),2025-07-26,2025-07-26 09:33:52 UTC,Paris,2025-07-26 10:24:25 UTC,2025-07-26 10:24:30 UTC,needs_id,CC-BY-SA,https://www.inaturalist.org/observations/301162417,https://inaturalist-open-data.s3.amazonaws.com/photos/542678410/medium.jpg,,,,0,0,False,333.0,Erp,42.9348068237,1.1866569519,12.0,,,,12.0,,,False,,,,Liocranum rupicola,Liocranum des rochers,Arachnida,468117
301835802,05bd3174-6f07-4c34-8e79-869c1df39f16,2025/05/24 23:21,2025-05-24,2025-05-24 21:21:00 UTC,Paris,2025-07-28 14:44:51 UTC,2025-07-29 05:41:24 UTC,research,CC-BY-NC,https://www.inaturalist.org/observations/301835802,https://inaturalist-open-data.s3.amazonaws.com/photos/543926873/medium.jpg,,,,1,0,False,,"65100 Aspin-en-Lavedan, France",43.0769431619,-0.0497802551,4.0,,,,4.0,,,False,,,Liocranum des rochers,Liocranum rupicola,Liocranum des rochers,Arachnida,468117
303675529,5ab73d2e-43c8-4830-873c-76e3bfe9493e,2025/08/02 01:02,2025-08-02,2025-08-01 23:02:00 UTC,Paris,2025-08-04 10:10:07 UTC,2025-08-05 15:18:52 UTC,research,CC-BY-NC,https://www.inaturalist.org/observations/303675529,https://inaturalist-open-data.s3.amazonaws.com/photos/547366492/medium.jpg,,,,1,0,False,,"Plan-d'Aups-Sainte-Baume, France",43.328741,5.767381,,,,,,,,False,,,Liocranum des rochers,Liocranum rupicola,Liocranum des rochers,Arachnida,468117
305714685,aecfa7aa-c53f-42d3-aaed-f3d7c668b77c,2025-08-11 23:03:56,2025-08-11,2025-08-11 21:03:56 UTC,Paris,2025-08-12 06:53:06 UTC,2025-08-12 20:42:46 UTC,needs_id,CC0,https://www.inaturalist.org/observations/305714685,https://inaturalist-open-data.s3.amazonaws.com/photos/551370829/medium.jpg,,,,1,0,False,2.0,"74230 Manigod, France",45.8459035918,6.407341361,4.0,,,,4.0,,,False,gps,gps,Pied Stone Spider,Liocranum rupicola,Liocranum des rochers,Arachnida,468117
306279760,d1bce435-e843-4fe9-89df-dd4f917f0be5,2025/08/14 11:59,2025-08-14,2025-08-14 09:59:00 UTC,Paris,2025-08-14 16:22:37 UTC,2025-08-24 06:38:47 UTC,research,CC-BY-NC,https://www.inaturalist.org/observations/306279760,https://inaturalist-open-data.s3.amazonaws.com/photos/552312081/medium.jpg,,,,1,0,False,,Maison Vercland,46.074950021,6.7101628101,2.0,,,,2.0,,,False,,,Liocranum des rochers,Liocranum rupicola,Liocranum des rochers,Arachnida,468117
311588970,029ea50a-b16c-4470-8b1f-341aa3806688,2025-09-05 00:13:54,2025-09-05,2025-09-04 22:13:54 UTC,Paris,2025-09-05 00:03:18 UTC,2025-09-05 06:08:59 UTC,research,CC-BY-NC,https://www.inaturalist.org/observations/311588970,https://inaturalist-open-data.s3.amazonaws.com/photos/562492062/medium.jpg,,,,1,0,False,2.0,"30460 Lasalle, Francia",44.0380490661,3.8614686951,182.0,,,,182.0,,,False,gps,gps,Liocranum rupicola,Liocranum rupicola,Liocranum des rochers,Arachnida,468117
311589236,a3579ce7-2428-4cf8-8904-cd54a467a62c,2025-09-05 00:14:26,2025-09-05,2025-09-04 22:14:26 UTC,Paris,2025-09-05 00:04:57 UTC,2025-09-05 00:05:04 UTC,needs_id,,https://www.inaturalist.org/observations/311589236,https://static.inaturalist.org/photos/562492239/medium.jpg,,,,0,0,False,2.0,"30460 Lasalle, Francia",44.0404395833,3.8577360556,,,,,,,,False,gps,gps,Pied Stone Spider,Liocranum rupicola,Liocranum des rochers,Arachnida,468117
